lemma,pos,grammar,explanation
aba,im.,ž. r. ," grubo sukno od vune;  odjeća od abe, gunj, ogrtač; pejor. "
abadžija,im.,m. r. , tur.) g. mn. aba džija 
abdest,im.,m. r. ," umivanje lica,  pranje ruku i nogu, ispiranje usta i nosa,  potiranje mokrom rukom po ušima, vra tu i tjemenu glave prije molitve "
abdicirati,gl.,svrš. i nesvr. , odreći se vladavine i sići sa  prijestolja; uopće: odricati se od neče ga.
abdomen,im.,m.r. ," stomak, trbuh,  trbušna šupljina,"
abeceda,im.,ž. r.," skup slova ili grafema  u latiničkom pismu; naziv nastao prema  redoslijedu slova: a, b, c, d."
abecedni,"prid.,",ž. r.," koji je poredan po  abecednom redu, npr. riječi u rječniku,"
abnormalan,prid.,," koji je izvan normi ponašanja;  nenormalan; neuračunljiv,"
abolicija,im.,ž. r. ," pomilovanje  osuđenog, oslobađanje, amnestija,"
abonent,im.,m. r. ," onaj koji je unaprijed uplatio  novac za ishranu u menzi, za posjetu  pozorišnim predstavama i sl.; pretplat nik."
abrazija,im.,ž. r. ,"  odronjavanje morske obale pod utica jem morskih talasa; med. razaranje po vršinskog sloja kože, kosti; uopće  ostrugano mjesto, ogrebotina,"
ačik,prid.,i pril. ," otvoren, jasan,  svijetao; nezastrt, nepokriven; otvore no, jasno."
ačkosum!,aškosum!,i pril. ,tur.) 
ada,im.,ž. r. ," riječno  ostrvo, otok usred rijeke,"
adaptacija,im.,ž. r. ," prilagođavanje,  navikavanje; prepravljanje i mijenjanje  čega (npr. adaptacija stana)."
adaptirati,(se),ž. r. ," prilagoditi se, na viknuti se."
adekvatan,prid.,,"  odgovarajući, podudaran,"
adeš,im.,m. r. ,  imenjak.
adet,im.,m.r. ," običaj, navika,  administracija im. m. r. (lat.) "
admiral,im.,m. r. ,"  oficir sa najvišim činom u ratnoj mo rnarici; vrsta leptira,"
adolescencija,im.,ž. r. ," vrijeme u  čovjekovom životu koje dolazi iza pu berteta, mladost,"
adolescent,im.,m. r. ," mladić ili  djevojka u adolescenciji,"
adrenalin,im.,m. r. ," hormon nadbubrežne žlijezde, di že krvni pritisak sužavanjem krvnih  sudova."
adresa,im.,ž. r. ,njem.) 
adresar,im.,m. r. ," popis adresa; knjiga, sveska ili notes u  kojem su zabilježene adrese,"
adresat,im.,m. r. ,"  primalac pisma, poruke, paketa i sl."
adut,im.,m. r. ," argu ment; najjača boja u kartanju,"
advent,im.,m. r. ,  povratak Isusa na zemlju; četiri poslje dnje sedmice pred Božić.
adventist(a),im.,m. r. ," pripadnik  kršćanske adventističke crkve,"
advent'istica/adventiskinja,im.,ž. r. ," pripadnica adventističke crkve,"
adventizam,im.,m. r. ," religijsko učenje koje način živo ta veže za advent,"
advokat,im.,m. r. ,"  onajkoji na sudu brani optuženog, za stupnik u sudskoj raspravi, odvjetnik;  iron. zastupnik jedne strane u kakvoj  jalovoj prepirci,"
advokatura,im.,ž. r. ," advokatski posao, odvjetni štvo; služba, djelatnost,"
adžo,im.,m. r. ," amidža, striko; starac, dedo."
aerodrom,im.,m. r. ," pista za slijetanje i uzlijetanje aviona  (zrakoplova) sa kontrolnim tornjem i  instrumentima za navođenje, zračna  (vazdušna) luka."
afek(a)t,im.,m. r. ,"  osjećanja srdžbe i bijesa koje je teško  razumom kontrolisati, praćeno napeto šću mišića, promjenama krvnog priti ska."
afektirati,gl.,," pretvarati se, prenemagati  se, ponašati se neprirodno."
afera,im.,ž. r. ," neki skandalozan  događaj, zbivanje koje zbog svoje nega tivnosti odjekne u javnosti,"
afet,im.,m. r. , nesreća.
afinitet,im.,m. r. ,"  nadarenost za neki posao, sposobnost u  obavljanju posla; sila spajanja; srod nost, sličnost, veza."
afirmacija,im.,ž. r. ," zbog svoje  sposobnosti postati priznat u javnosti,  biti uvažavan kao specijalist, umjetnik,  političar itd.; tvrdnja, tvrđenje, potvrda,  jasnost suda; gl."
afirmisati/afirmirati,(se),ž. r. ," steći afirmaciju,"
aforizam,im.,m. r. ," jednostavna, sažeta i duhovita misao o životu i svijetu; krat ka duhovita rečenica puna smisla,"
afrodizijak,im.,m. r. , sredstvo za pojačavanje se ksualne želje i moći.
aga,im.,m. r. ," plemić za vrijeme Turskog  Carstva, zapovjednik turske plaćene vo jske, vlasnik obradive zemlje, bogat i  moćan čovjek,"
agava,im.,ž. r. ," vrsta biljke  debelih mesnatih listova,"
agda,im.,ž. r. ,  ukuhani šećer koji služi kao preliv za  kolače.
agencija,im.,ž. r. ," pred stavništvo, ustanova, preduzeće sa po sebnim usmjerenjem u poslu, agencije  špijunske, turističke, novinske itd."
agenda,im.,m. r. ," bilježnica, notes;  podsjetnik sa bilješkama; program rada,  dnevni red."
agent,im.,m. r. ,"  saradnik organizacije koja za državu ili  nekog drugog prikuplja strogo povjer ljive i teško dostupne informacije; poli cajac; osoba koja se bavi špijunažom,  špijun."
agentura,im.,ž. r. ,"  neka ispostava ili organizacija čiji veo ma dobro plaćeni agenti za državu, voj sku, policiju, industrijske koncerne, na učne ustanove i sl. prikupljaju strogo  povjerljive i teško dostupne informacije."
agilan,prid.,," vrijedan, brz, spreman, okretan, spretan,  agilnost im. ž. r. (lat.), instr. jd. agilnošću/ agilnosti "
aginica,im.,"ž. r.,", agina žena.
agitacija,im.,ž. r. ,"  aktivnost na okupljanju ljudi oko odre đenih, najčešće političkih ideja; načini  djelovanja na široke narodne mase kako  bi bile podržane određene ideje i pro grami."
aglomeracija,im.,ž. r. ," skupljanje,  nagomilavanje sitnih ruda ili raznih materija na gomilu,"
aglomerat,im.,m. r. , cjelina dobijena aglomeracijom.
agonija,im.,ž. r. ," stanje  pred smrt, izdisanje; prenes. odumiranje  čega, gašenje, nestajanje,"
agovanje,gl.,im. s. r.," način  kako žive age, življenje na visokoj nozi."
agovati,gl.,nesvrš. ," živjeti kao aga, na visokoj no zi."
agrar,im.,m. r. ," poljoprivreda, zemljišni posjed,"
agrarni,prid.,," zemljišni, koji se odnosi  na agrar, npr. agrarna reforma."
agregat,im.,m. r. ," skup istovrsnih čestica; postrojenja za  različitu namjenu, npr. agregat za pro izvodnju električne energije; skup raz nih postrojenja koji funkcionišu kao  cjelina."
agreman,im.,m. r. ,"  sporazum, ugovor; pristanak, odobrenje  kod imenovanja novog diplomatskog  predstavnika,"
agresija,im.,ž. r. ," napad jedne ili  više država na druge države radi uzi manja teritorije i nasilnog uvođenja  svog političkog sistema; uopće: napad,  grub i silovit nasrtaj na nečiji integritet,"
agresivan,prid.,,"  nasrtljiv, nasilan, napadački,"
agresor,im.,m. r. ," napadač, zavoje vač, onaj koji provodi agresiju,"
agrikultura,im.,ž. r. ," zemljoradnja,  poljoprivreda,"
agronom,im.,m. r. ,grč.) 
agronomija,im.,ž. r. ,grč.) 
agrumi,im.,m. r. mn. ," zajedničko  ime za kiselkasto voće (limune, naran če, mandarine, grejp)."
ah,im.,m. r. ," želja za nečim, čežnja,  (npr., ima ah na vruć burek)."
ahbab,im.,m. r. ," prijatelj,"
ahbabluk,im.,m. r. ,tur.) 
ahiret,im.,m. r. ," život na drugome  svijetu, zagrobni život,"
ahlak,im.,m. r. ," moral; odgoj, ćud, narav,"
ahmak,im.,m. r. ," glup čovjek, * glupak, budala, neznalica."
ahmedija,im.,ž. r. ," tanko platno omotano oko fesa, bijelu  ahmediju nose hodže i hafizi, a šarenu  hadžije."
ajalet,im.,m. r. ," pokrajina, oblast,  područje u kojem je valija bio nadležan,  ajan im. m. r. (ar.), g. jd. ajana "
ajatolah/ajatulah,im.,m. r. ," u islamu šiitski  duhovni velikodostojnik,"
ajet,im.,m. r. ," odlomak iz Kur’ana; osn. znač. znak, oznaka,"
ajluk,im.,m. r. , mjesečna  plaća.
ajvar,im.,m. r. ," ljuto začinjen dodatak jelu  od paprike, patlidžana i paradajza,"
akacija,im.,ž. r. ," vrsta tropskih  biljaka; kod nas u razg. jeziku bagrem,  akademac im. m. r. (grč.), g. jd. aka demca, u. mn. akademci, g. pi. akd demaca "
akademik,im.,m. r. ," veoma obrazovan čovjek koji je  izabran za člana akademije,"
akademijin/akademijski,prid.,, koji pri pada akademiji
akademski,prid.,odr. v. ," koji se odnosi na akademiju; obi lježava sve pojave u kojima dolazi do  izražaja visok stepen znanja; učen, sa  visokim obrazovanjem,"
akcen(a)t,im.,m. r. ," naglasak na vokalima  u riječima; prenes. istaknuti dio kakve  izjave, novinskog članka, melodije, gla"
akcentirati/akcentovati,gl.,svrš. i nesvrš.  ,"  naglasiti, naglašavati, istaknuti nešto;  obilježavati akcente u riječima."
akcija,im.,ž. r. ," rad, radnja, čin,  poduhvat, djelo; vrijednosni papir, dio nica; film dinamične radnje u kojem  ima mnogo borbe, tuče, pucnjave,"
akča,im.,ž. r. , sitni srebreni novac u  vrijeme Osmanskog Carstva; sredinom 19. stoljeća 4 akče su vrijedile gram  srebra.
aklamacija,im.,ž. r. ," oduševljeno i glasno odobra vanje nečega; izglasati nešto bez pre brojavanja glasova,"
akmadža/atmadža,im.,ž. r. ," ptica  (kobac, soko) dresirana za lov."
akna,im.,ž. r. ,"  bubuljica, prištić."
ako,vezn.,ž. r. ," pogodbeni veznik {Ako budeš dobro radio, plđća će biti veća). akobogda pril. "
akomodirati,se,ž. r. ," prilagoditi (se),  prilagođavati (se),"
akontacija,im.,ž. r. ," isplata jednog  dijela novca prije konačnog obračuna;  avans, predujam,"
akonto,pril.,ž. r. , u vezi sa akontacija 
akord,im.,m. r. ," muž. termin za skup  tonova različite visine; količina posla  na osnovu koje se vrši obračun zarade,"
akov,im.,m. r. , mjera  za tečnost 
akram,im.,m. r. ,"  vrsnik, jednak po godinama, časti, imet ku, junaštvu,"
akreditacija,im.,ž. r. ," punomoć,  ovlašćivanje, akreditiranje."
akređitirati/akreditovati,gl.,svrš. i ne svrš.," dati punomoć, akreditaciju, ovla stiti."
akreditiv,im.,m. r. ,"  punomoć u pisanom obliku koju amba sador predaje vladi zemlje u kojoj treba  da obavlja diplomatsku službu; rijetko:  vjerodajnica,"
akrep,im.,m. r. tar.)," opasna životinja sa  štipaljkama na udovima, štipavac, ško rpion, škorpija."
akribija,im.,ž. r. ," preciznost, bri žljivost, tačnost u radu, posebno u pisa nju naslonjenom na pisane izvore i po datke iz njih."
akrobat(a),im.,m. r. ," vješt i hrabar  čovjek koji zna izvesti i najopasnije  vježbe, najčešće u cirkusu,"
aksiom,im.,m. r. ," očigledna činjenica, za kon, načelo, ono što se može odmah  prihvatiti bez posebnog dokazivanja,"
aksioma,im.,"ž. r., "," aksiom,"
akšam,lučiti,m. r. , provoditi akša mluk.
akšamdžija/akašamlija/,akšamlučar,m. r. , onaj koji provodi akša mluk.
akšamluk,im.,m. r. ," večernja sje deljka i razgovor uz meze i pijuckanje  alkoholnih pića, najčešće rakije."
akt,im.,m. r. ," čin, djelo, postupak; do kumenti, spisi; u likovnoj umjetnosti  slika, crtež ili kip koji prikazuje ljudsko  tijelo, množina u tom značenju; aktovi."
akter,im.,m. r. ," učesnik kakvih  događanja; glumac u filmu i teatru;  akterka im. ž. r., dat. jd. akterki, g. mn. akterki "
aktiv,im.,m. r. ," skup ljudi okupljenih oko iste  djelatnosti (društvene, obrazovne i sl.)."
aktiva,im.,ž. r. ," imovina, vlastita  sredstva kakvog preduzeća, firme,  aktivan/aktivan prid. (lat.), odr. v. akti vni/aktivni "
aktivirati,(se),ž. r. ," staviti nešto u fu nkciju, pokrenuti, potaknuti; izvući se  sam iz pasivnosti,"
aktivno,pril.,ž. r. ," marljivo,  vrijedno, radišno."
aktivnost,im.,ž. r. ," rad, djelovanje, oso bina onoga koje aktivan,"
aktovka,im.,ž. r. ," tašna za dokumente, akte; dra ma u jednom činu, jednočinka,"
aktualan,prid.,, aktuelan.
aktualizirati/aktuelizirati,gl.,svrš. i  nesvrš. , aktualiziram/aktne lizirdm 
aktuelan,prid.,,"  sadašnji, trenutni, koji se tiče današnje  stvarnosti, aktualan,"
akumulacija,im.,ž. r. ," prikupljanje i  uvećavanje količine novca ili čega  drugog, npr. akumulacija vode u jezeru,"
akumulator,im.,m. r. ," baterija  u automobilu; naprava koja prikuplja i  pohranjuje električnu struju,"
akupunktura,im.,ž. r. ," liječenje  neke bolesti pomoću zabadanja igala u  oboljelo mjesto i oko njega,"
akustičan,prid.,,"  koji savršeno bez nepotrebnih šumova  prenosi i ispunjava prostor zvukom,  zvučan."
akustičnost,im.,ž. r. ," osobina nečega  što je akustično,"
akustika,im.,ž. r. ,"  dio fizike koji se bavi proučavanjem  zvuka; razg. muzičke linije sa pojača lom i zvučnicima,"
akuzativ,im.,m. r. ," u gramatici  četvrti padež, padež bližeg objekta,  akutan prid. (lat.), odr. v. akutni "
akvarij,im.,m. r. ," od posebnog  stakla napravljen bazen u kojem.su žive  ribe ili druge vodene životinje; zbirka  akvarija u muzeju,"
akvizicija,im.,m. r. ," nešto što je  stečeno, zarada, tekovina, dobra lovina,  akviziter im. m. r. (lat.), g. jd. akvizitera "
ala,im.,ž. r. ," mit. proždrljivac,  aždaha, zmaj; prenes. onaj ko brzo,  halapljivo jede hranu proždirući je."
alabaster,im.,m. r. ," vrsta rude,  bijela vrsta gipsa; prenes. bjelina kože "
Allah,im.,m. r. ," Bog u  islamskoj vjeri,"
alahemanet!,(ar.,m. r. ,tur.) 
"rahmetliji,",u,m. r. ," upućivanje ko me dobre želje, da ti je Bog na pomoći,  da mu Bog da spas; kaže se za čovjeka  koji je na svoju ruku (čudne naravi), ili  se rekne nekom iz sažaljenja,"
alajbeg,im.,m. r. ,"  histor, zapovjednik spahijama u san džaku; pukovnik u vojsci Osmanskog  carstva."
alajčauš,im.,m. r. ," histor, podoficir  u vojsci Osmanske carevine,"
"alapača,",alakača,m. r. ," pejor. brbljiva  žena, brbljivica."
alarm,im.,m. r. ,"  znak za uzbunu; uzbuna; uređaj koji  uključuje snažan zvuk u slučaju obija nja i provale,"
alarmantan,prid,m. r. ," koji upozorava, uzbunjujući, zabrinja vajući, uznemirujući,"
alarmantno,pril.,m. r. ," upozoravajuće,  uzbunjujuće, na krajnje zabrinjavajući  način."
alas,im.,m. r. ," ribar,"
alast,prid.,," ružičast,  alaša im. ž. r. (tur.) "
alat,im.,m. r. ," oruđe za  obradu materijala, razna sredstva koji ma se služi zanatlija pri obradi i izradi,  alatke."
alatast,prid.,," crvenkast, riđ, najčešće  konj, kobila, ždrijebe,"
alatka,im.,"ž. r., dat. jd. alatki, g. mn.  alat akčialatki"," pojedinačni komadi ala ta, testera, čekić, kliješta itd."
Albanac,im.,"m. r., g. jd. Albanca ž. r.  Albanka, dat. jd. Albanki"," stanovnik  Albanije i Kosova; Šiptar, raniji nazivi:  Arbanas, Arnaut; govore albanski ili  šiptarski jezik,"
albanski,prid.,odr. v., koji se odnosi na  Albance.
album,im.,m. r. ," knjiga u  kojoj je zbirka fotografija, poštanskih  maraka i sl.; gramofonska ploča ili ed  koji ju je zamijenio u novije vrijeme,"
alčak,im.,m. r. ,"  mangup, šaljivdžija, prefriganac, vrago lan; navaljalac."
alčakluk,im.,m. r. ," mangupluk, vragolija, nevaljaštvo; va ranje."
alegorija,im.,ž. r. ," stilska figura;  slika, opis, pripovijedanje u kojima je  sadržano preneseno značenje kako bi se  označila neka druga situacija, događaj,  ideja."
aleja,im.,ž. r. ," ulica koja s obje stra ne ima drvored, pravilno zasađena stab la."
alejhiselam,(Alejhiselam),ž. r. ,"  izgovara se i piše iza imena pejgambe ra, npr. Muhammed alejhiselam, skrać:  a. s."
alejkumu,"selam,",ž. r. ," otpozdrav,  odgovor na pozdrav selam alejk, selam  aleć, selam alejkum,"
alem,im.,m. r. ," polumjesec kao  ukras na minari; svijet, dunjaluk,"
alergičan,prid.,,  koji ima alergiju; koji je osjetljiv i ne  podnosi koga ili što.
alergija,im.,ž. r. ," bolest kože,  sluznice i sl. izazvana raznim vanjskim"
alev,prid.,," crven, jasna crvena  boja."
alfa,im.,ž. r. ," početno slovo  grčkog pisma,"
alfabet,im.,ž. r. , sva slova grčkog  pisma; poredak slova u tom pismu.
alga,im.,ž. r. , vrsta vodenih biljki koje sadrže hlo rofil.
alhamiado,im.,m. r. ,šp.) 
ali,vezn.,m. r. , vezuje suprotne složene rečeni ce.
alibi,im.,m. r. ," dokaz da osumnji čeni nije bio tu u vrijeme kad je izvršen  zločin; izgovor za neki propust, isprika,"
alica,im.,ž. r.," vrsta krupne trešnje otvo renocrvene boje, rana trešnja."
Aliđun,im.,m. r. ,tur.) 
.,J,m. r. , . * .
Alifakovac,im.,m. r. ,"tur.), g. jd. Alifa kovca "
aligrah,im.,m. r. , vrsta crvenog  graha.
alim,im.,m. r. ," učen čovjek; vjerski  znanstvenik,"
aligator,im.,m. r. ," vrsta krokodila,  opasna i proždrljiva životinja sa veli kim zubalom,"
alijansa,im.,ž. r. , savez ili sporazum  više političkih subjekata oko zajedničke  ideje.
alijenacija,im.,ž. r. ," otuđenje;  zamjena; duševno rastrojstvo, rastrese nost."
alimentacija,im.,ž. r. ," naknada koja  se prema odluci suda mora isplaćivati  za nečije izdržavanje, npr. otac djetetu  koje je ostalo kod majke poslije razvo da braka."
alineja,im.,ž. r. ," novi red u  paragrafu kakvog zakona; stav, stavak,  pasus."
aliteracija,im.,ž. r. , ponavljanje  istih konsonanata u nekoliko uzastopnih  riječi.
alhemičar/alkemičar,im.,ž. r. ,grč.) 
alhemija/alkemija,im.,ž. r. , grč.) 
alkohol,im.,m. r. ," bezbojna,  zapaljiva i isparljiva tečnost, u sastavu  je raznih opojnih pića "
alkoholičar,im.,m. r.," pijanica, čovjek  ovisan o alkoholu,"
alkoholičarka,im.,"ž. r., d. jd. alkohd ličarki"," žena alkoholičar,"
alkoholizam,im.,"m. r., g.jd. alkoholizma, g. mn. alkoholizama"," pretjerano uživa nje u alkoholnim pićima, ovisnost o  alkoholu."
alkoholizirati,se,"m. r., g.jd. alkoholizma, g. mn. alkoholizama"," opijati se, opiti se,  ispijati velike količine alkohola,"
alkotest,im.,m. r. ,engl.) 
alma,im.,m. r. ," jabuka,"
almanah,im.,m. r. ,"  godišnjak, zbornik radova više autora,  knjiga koja povremeno izlazi,"
almas,im.,m. r. ,"  dragi kamen, dijamant,"
alokacija,im.,ž. r. ," smještanje,  doznačivanje mjesta; u ekonomici: do bavljanje sirovina, dobara,"
alovit/halovit,prid.,," silan, poma man, vilen, zmajevit."
Alpe,im.,ž. r. mn., planinski masiv na  granici srednje i južne Evrope.
alpinist(a),im.,"m. r., g. jd. alpiniste, n.  mn. alpinisti/alpiniste, g. mn. alpinista"," planinar, sportista koji voli da savla đuje vrlo teške uspone, da osvaja teško  pristupačne terene na planinama,"
alpski,prid.,, koji se odnosi na Alpe.  alt im. m. r. (tal.) 
koji,se,," zamjena, za mjenjivanje čega na istom mjestu (dva  glumca naizmjenice u istoj ulozi, zam jena foneme ci sa t u izvedenici:  podpis>potpis i sl.),"
alternativa,im.,ž. r. ," izbor između  dvije mogućnosti,"
alternativan,prid.,, koji se odnosi na alternativu.
altruist(a),im.,m. r. ," nesebičan čo vjek, onaj koji pokazuje altruizam."
altriiističkT,prid.,, koji se odnosi na  altruizam.
altruizam,im.,m. r. ," nesebičnost i razumijevanje drugog,  požrtvovanost u pomoći drugima, vla stito žrtvovanje za opći interes i bla gostanje."
aludirati,gl.,svrš. i nesvr. ," riječima ciljati na nešto dru go, iznositi aluzije,"
aluminij,im.,m. r. ," hemijski eleme nat, metal koji se industrijski proizvodi  od glinice, srebrenasto bijele boje, zbog  lahkoće mnogo se koristi u aerotehnici."
aliimlnijev,i,m. r. ," koji je izrađen od aluminija ili  sadrži taj metal,"
aluvij,im.,m. r. ," poplava, nanos;  današnje razdoblje u razvoju Zemljine  kore, doba naplavine, najmlađe geolo ško doba."
aluzija,im.,ž. r. ," nagovještaj, natuknica; ciljanje na nešto  drugo od onoga što riječima kažemo,"
alveola,im.,ž. r. , anat. šupljina u  tijelu; izbočenje s unutrašnje strane usta  iznad prednjih gornjih zuba; mjesto u  kojem je korijen zuba; mjehurić u plu
alveolaran,prid.,," koji pripada alveoli,"
aljkav,"prid.,",," neuredan,  nemaran, površan, neprecizan,"
amajlija,im.,ž. r. ," hamajlija,"
amalgam,im.,m. r. ," legura žive i nekog drugog metala;  pren. nešto što je postalo cjelina a mje šavina je raznih elemenata, ideja."
aman!,aman,m. r. , uzvik  preklinjanja i vapaja: pobogu! zaboga!  miliost!
amanet,im.,m. r. ," preporuka, zavjet, čuva nje, svetinja; predmet koji se daje na  čuvanje, na povjerenje,"
amandman,im.,m. r. ," popravak, dopuna kakvog čla na, stava ili alineje u zakonu ili sličnom  tekstu; prijedlog za njegovo poboljšanje  ili izmjenu,"
amater,im.,m. r. ,"  onaj koji u nekom poslu nije profe sionalac, nego se time bavi iz ljubavi,  što mu najčešće ne rješava životne pro bleme."
amaterizam,im.,m. r. ," djelatnost i kvalitet rada kojim  se bave amateri,"
amaterski,prid.,odr. v. ," koji pripada  ili se odnosi na amatere; pril. urađeno  kako to rade amateri,"
ambalaža,im.,ž. r. , papir ili nešto  drugo u šta se zamotava roba prilikom  transporta.
ambasada,im.,ž. r. ," diplomatsko  predstavništvo neke strane zemlje,"
ambasador,im.,m. r. ," diplomatski  predstavnik neke zemlje najvišeg ranga,  šef u ambasadi."
amber1,im.,m. r. i ambra im. ž. r. ,  parfem od crne mirišljave smole koja se  vadi iz žlijezda kitova; vrsta drveta iz  tropskih krajeva.
amber2,im.,m. r. ,perz.) 
amberija,im.,ž/r. , vrsta likera koji  ima miris ambera.
ambicija,im.,ž. r. ," nastojanje da se  što postigne i ostvari, čežnja za uspje hom; pejor. ostvarivanje uspjeha, vlasti  i slave ne birajući sredstva."
ambijent,im.,m. r. ," mjesto gdje  živimo, okruženje, sredina,"
ambis,im.,m. r. ," ogromna dubina  kojoj ne znamo dno, bezdan, ponor,  provalija."
ambivalencija/ambivalentnost,im.,ž. r. ," nešto sa dvije vrijednosti, što se  može na dva puta iskoristiti,"
amblem,im.,m. r. ,"  poseban crtež, slika, znak i sl. koji su  oznaka udruženja, vlasti, ustanove, par tije i sl."
ambrozija,im.,ž. r. , hrana grčkih  bogova sa Olimpa; posebno ukusno i  kvalitetno jelo.
ambulanta,im.,ž. r. ,"  medicinska ustanova za pružanje jedno stavnije ljekarske usluge,"
ambulantnl/ambulaiitski,prid.,, pripada  ili se odnosi na ambulantu.
ameba,im.,ž. r. ," sićušni jedno ćelijski živi organizam vidljiv samo  pomoću mikroskopa,"
amen,i,ž. r. ," zaista je tako,  uistinu je tako; kraj mnogih religijskih  molitava i obrednih tekstova; prenes.  gotovo, svršeno,"
američki,pril.,odr. v.," na američki način, kao  Amerikanac."
Amerika,im.,"ž. r., dat. jd. Americi", ime  kontinenenata koji su između Atlan skog i Tihog okeana; drugi naziv za  Sjedinjene Američke Države.
Amerikanac,im.,m. r., stanovnik Ameri ke; građanin Sjedinjenih Američkih  Država
"Amerikanka,",d.,m. r.," građan ka Amerike,"
amerikanizirati,gl.,"nesvrš. i svrš., "," propagirati i nametati  osobine američkog načina života,"
ametist,im.,m. r. , dijamant ljubi časte boje.
amfibija,im.,ž. r. ," vozilo  koje se može kretati kopnom i ispod  vodene površine,"
amfiteatar,im.,m r. ,"  mjesto gdje su se izvodile pozorišne  predstave u Staroj Grčkoj, sjedala za  gledaoce bila su postavljena stepenasto  i polukružno, a bina je bila na samom  dnu; posebna sala u obliku amfiteatra  na fakultetima ili drugim mjestima,"
amfora,im.,ž. r. ," po suda od gline u kojoj su stari Grci držali  žito, vino i sl."
amidža,im.,m. r. ," očev brat, stric,  aminati gl. nesvrš., prez. ami nam "
aminovati,gl.,svrš. ,"  odobriti, prihvatiti,"
amnestija,im.,ž. r. ," pomilovanje, kad osuđenom potpuno  ili djelimično onaj ko to po zakonu  može ukida presudu."
amnestirati,gl.,"svrš. i nesvr., "," pomilovati, proglasiti i provesti  amnestiju."
amnezija,im.,ž. r. ," pot puno ili djelimično gubljenje pamćenja,  amoralan/amoralan prid. (grč ), odr. v.  amoralni/amoralni "
amorfan,prid.,," koji nema oblik gra đe kao kristal; uopće: neodređen, nije  određenog oblika,"
amortizacija,im.,ž. r. , nadoknada  sredstava uloženih u neki posao; uma njivanje ili otpisivanje vrijednosti pro izvodnih sredstava nakon duže upotre be.
amortizacionl/amortizacljskl,prid.,odr.  v. ," koji pripada i odnosi se na  amortizaciju,"
amortizer,im.,m. r. ," dio na automobilu, kamionu,  amortizirati/amortizovati gl. svrš. i nes vrš., prez. amortiziram!amortizujem "
amper,im.,"m. r., g. jd. ampera/ ampera"," mjera kojom se izražava jači na električne energije,"
amplituda,im.,ž. r. , razmak između  dviju krajnjih vrijednosti.
amputirati,gl.,svrš. i nesvrš. ," ukloniti bolesni dio tijela  hirurškim zahvatom, (iz)vršiti amputa ciju; uopće: odstraniti ono što smeta,  što je nepotrebno,"
anafora,im.,ž. r. , ponavljanje istih  riječi na početku više stihova uzasto pno.
anagram,im.,m. r. ," pre metaljka, riječ nastala premještanjem  glasova, npr. bor "
anahronizam,im.,m. r. ," nešto zastarjelo što se sad  javlja a pripada prošlom vremenu;  rjeđe: anakronizam,"
analni,prid.,odr. v. ," odnosi se na  anus, čmar."
analfabet(a),im.,m. r. , nepismen čovjek;  uopće: neznalica.
anali,im.,m. r. plur. tantum ," teksto vi u kojima su hronološki zabilježeni  događaji; ljetopisi,"
analistika,im.,m. r. , djelatnost vezana za pisanje i prouča vanje anala.
analitičar,im.,m. r. ," osoba koja  primjenjuje analizu u proučavanju, koja  svemu pristupa analitički,"
analitičarskl,prid.,odr. v. ," pripada  ili se odnosi na analitičare,"
analitičarski,pril.,odr. v. ," na način analitičara,  kao analitičar,"
analitički/analitični,prid.,odr. v. ,"  kojem je osobina analiza,"
analitički,pril.,odr. v. ," kao analitačar, na  analitički način,"
analiza,im.,m. r. ," raščlanjivanje  čega na sastavne elemente kako bismo  lakše otkrili sve osobine, utvrdili uzro ke, posljedice i izveli zaključke,"
analizirati,gl.,svrš. i nesvr. ," vršiti analizu, raščlanjivati,  analogija im. ž. r. (grč.) "
analogljskl,i,svrš. i nesvr. ," koji se odnosi na analogiju,"
anamneza,im.,ž. r. ," u med. hronološki dati podaci o bolesti,  ananas im. m. r. (peruan.) "
anarhičan,prid.,," bez reda, bez vlasti, nesistemski, nesre đen, haotičan,"
anarhično,pril.,," haotično, nesređe no, na način bez reda, sistema i vlasti."
anarhičnost,im.,ž. r. ," anarhično  stanje, anarhična situacija,"
anarhija,im.,ž. r. ," nered, haos,  bezvlašće, bez ikakve organizacije."
anarhist(a),im.,m. r. ," zagovo rnik haosa, nereda, anarhičnog stanja,  što bi se iskoristilo za uzimanje vlasti  od vladajuće strukture,"
anarhistički,pril.,odr. v. ," pril. za način:  kao anarhist,"
anarhizam,im.,m. r. ," ideja anarhista o uređenju dru štva u kojem nema hijerarhije vlasti,  neke funkcije države u takvom uređe nju preuzima proizvodni dio društva,"
anatema,im.,ž. r. ," isklju čenje nepodobnog i neposlušnog iz  crkvene zajednice, bacanje prokletstva,"
anatemisati/anatemizirati,gl.,svrš. i ne svrš. ," baciti anatemu, prokleti, pro glasiti koga nepodobnim, isključiti iz"
anatomija,im.,ž. r. ," građa, oblik,  sastav (čovjeka, životinja i sl.); nauka o  građi, oblicima i sastavu organskih bi ća."
anđeo,im.,m. r. ," u kršćanskoj religiji krilato biće  u dugoj bijeloj haljinki, posrednik  između Boga i ljudi, oličenje dobrote i  bezazlenosti, u islamu: melek/meleć;  prenes. veoma lijepa i dobra osoba,"
anđeoski,pril.,odr. v. ," kao  anđeo, na način anđela,"
anegdota,im.,ž. r. ," vrsta  kratke priče o zanimljivoj zgodi iz živo ta umjetnika, pisaca, naučnika,"
anegdotski,prid.,odr. v. ," do datak, prilog,"
aneksija,im.,m. r. ," pripajanje, pri pojenje tuđe teritorije svome državnom  sistemu jednostranom odlukom i nasilu,  npr. austro"
aneksionl,prid.,odr. v. ,  koji se odnosi na aneksiju.
aneksionist(a),im.,m. r. ," zagovarač ane ksije i onaj što je provodi,"
aneksionistički,prid.,odr. v. , koji se  odnosi na aneksioniste.
anektirati,gl.,svrš. i nesvrš. ," pripojiti ili pripajati jedno stranom odlukom i nasilu tuđu terito riju, vršiti i izvršiti aneksiju,"
anemičan,prid.,,"  malokrvan, blijed; bezbojan, beizraža jan, nekvalitetan, loš."
anemija,im.,ž. r. , malokrvnost; sta nje u krvi zbog smanjenog hemoglobi na i eritocita.
anestetik,im.,m. r. ," lijek koji izaziva neosjetljivost na bol  cijelog ili dijela tijela podvrgnutog ope rativnom zahvatu,"
anestezija,im.,ž. r. ," priprema tijela  na neosjetljivost pomoću anestetika ka ko bi se mogla izvesti operacija; uspa vljivanje pomoću anestetika; narkoza,"
anesteziolog,im.,m. r. ," medicinski stručnjak koji  proučava i izvodi anesteziju,"
anestezirati,gl.,"svrš, i nesvrš. ","lat.),  prez. anesteziram "
angažiranost/angažovanost,im.,ž. r. ," sudje lovanje u kakvom poslu, uključenost,  umiješanost, učestvovanje,"
angažirati/angažovati,(se),ž. r. ,"  uvesli uzeti primiti koga u posao, služ bu; zalagati se, starati se, postati uče snik čega."
angažman,im.,m. r.," rad, posao, služba u  šta je ko uveden, primljen pod pose bnim uslovima,"
angina,im.,ž. r. ," vrsta bolesti koja  se očituje upalom grla, krajnika, ždrije la, tonzila."
anglistika,im.,ž. r. ," proučavanje  engleskog jezika, književnosti, kulture,  anglicizam im. m. r. (engl.), g. jd. angli ciztna "
Angloamerikanac,im.,m. r.," Amerikanac  koji je porijeklom Englez, potiče iz  Engleske."
angloamerički,prid.,odr. v.," koji se  odnosi na Engleze i Amerikance,  anglofil/anglofil im. m. r. (engl.), g. jd.  anglofila/anglofila "
anglofob,im.,m. r. , suprotno od  anglofil.
angora,im.,ž. r., vuna istoimene sorte  ovaca; tkanina od te vune.
animalan,prid.,," životinjski,"
animator,im.,m. r. ," čovjek koji  pokreće kakvu aktivnost, npr. u kulturi;  crtač pokreta u crtanom filmu,"
animirati,gl.,svrš. i nesvrš. ," potaknuti, pokrenuti što,  znati zainteresovati društvo, zabaviti  ga; učiniti da crteži dobiju pokret u  crtanom filmu,"
animizam,im.,m. r. ," uvjerenost pojedinih ljudi da sve ima  dušu (stvari, biljke, životinje),"
anketa,im.,ž. r. ," metoda za priku pljanje podataka od većeg broja ljudi  kako bi se što vjernije istražila i pro učila određena pojava,"
anlaisati/anlajisati,gl.,," razumjeti, shvatiti.  anoda im. ž. r. (lat.) "
anomalija,im.,ž. r. ," ono  što nije uobičajeno, odstupanje od pra vila, nešto nepravilno, izvan logike,"
anonlm,im.,m. r. ," najčešće autor kak vog teksta kojem se ne zna ime, bezi meni."
anoniman,prid.,,"  nepoznat(i), bezimen(i)."
anonimnost,im.,ž. r. ," osobina onoga  što je anonimno, nepoznato u javnosti."
anorganski,prid.,odr. v.  ," neorganski, sastav mu nije kao  u živih bića, spada u neživu prirodu,"
ansambl,im.,m. r. ," grupa reproduktivnih umjetnika, naj češće muzičara ili glumaca,"
anatagonističkl,prid.,odr. v. ," koji  je drugačijih ideja i pogleda, suprotsta vljen, nepomirljiv sa drugom stranom,  antagonizam im. m. r. (lat.), g. jd. anta gonizma "
antanta,im.,ž. r. , okupljanje  više država i stvaranje saveza oko zaje dničkog programa.
Antartik,im.,m. r.," područje prekriveno  ledom na Južnom polu Zemlje,"
antena,im.,ž. r. ," neophodna elektro nska naprava za primanje i odašiljanje  radio i televizijskih signala,"
anterija,im.,ž. r. ," vrsta odjeće,  muška anterija je od deblje tkanine, dok  je ženska od svile,"
antibiotik,im.,m. r. , lijek koji uklanja mikroorgani zme 
anticiklon,im.,m. r. ," područje viso kog vazdušnog pritiska,"
anticiklona,im.,ž. r. ," anticiklon,  anticipacija im. ž. r. (lat.) "
antički,prid.,odr. v.," antički,"
antikvar,im.,m. r. , čovjek koji saku plja i čuva od propadanja stare knjige i  druge predmete koji imaju kulturnu vri
antikvarnica,im.,m. r. ," mjesto gdje se čuvaju, otkupljuju i  prodaju stare knjige i drugi predmeti  koji imaju kulturnu vrijednost."
antikvitet,im.,m. r. ," stare knjige, slike i dr. umjetnički pre dmeti."
antilop,im.,m. r. ,"  vrsta kože, originalna od antilope ili  imitacija."
antilopa,im.,ž. r. ," vrlo lijepa i brza  životinja dugih nogu iz tropskih kraje va, spada u papkare i preživare."
antinomija,im.,ž. r. ,lat.) 
antipatija,im.,ž. r. ,lat.) 
antipod,im.,m. r. ,"lat.), g. jd.  antipoda/antipoda "
antisemitizam,im.,m. r. ,"lat.), g. jd.  antisemitizma "
antiseptik,im.,m. r. ," sredstvo za dezinfekciju, za  uništavanje zaraznih bakterija,"
antiteza,im.,ž. r. ," protiv rječnost, suprotnost, negacija kakve tvr dnje; suprotstavljanje dvaju pojmova  kako bi u kontrastu bile vidljivije njiho ve specifičnosti,"
antologija,im.,ž. r. ," zbirka odabra nih pjesama ili drugih djela više pisaca  prema kriteriju sastavljača,"
antonim,im.,m. r. ," riječ sa suprotnim značenjem u odnosu  na neku drugu (lijep : ružan, jak : slab),"
antropologija,im.,ž. r. ," nauka koja  proučava čovjeka i srodna bića, biolo ške tipove, rase, ponašanje,"
antropomorfan,prid.,," čovjekolik, sve što sliči tom  obliku."
antropomorfizam,im.,m. r. , pripisivanje ljudskih  osobina drugim pojavama i predmeti ma.
antropozofija,im.,ž. r. , nastojanje  da se razumom i intuicijom spoznaju  natprirodne sile.
anuitet,im.,m. r. ,"  rata, ugovorom određen iznos novca  kojim se otplaćuje dio dugoročnog kre dita."
aorta,im.,ž. r. ," u krvotoku  glavna žila koja sprovodi krv sa kisi kom iz lijeve komore srca u ostale dije love organizma,"
apanaža,im.,ž. r. ," novčana sredstva  koja se isplaćuju članovima kakve ple mićke porodice obično jednom godiš nje; u novije vrijeme: mjesečna novča na naknada članovima upravnih tijela,  redakcija, stalnih komisija i sl."
aparat,im.,m. r. ," najčešće kakvo tehničko postrojenje sa stavljeno od niza komponenti (npr.  radioaparat); skupina ljudi u vlasti;  skup organa koji obavljaju istu funkciju  (npr. slušni aparat),"
aparatčik,im.,m. r. ," poslušnik u  sistemu komunističke vlasti koji sve  poslove obavlja po tuđem diktatu bez  lične inicijative,"
aparthejd,im.,m. r. ,"  sistem vlasti Organizovan na rasnim  razlikama u kojoj, npr. jedna rasa ma kar bila i manjina vlada drugom rasom,"
apartman,im.,m. r. ," veća soba u hotelu sa posebnim pogo dnostima, udobnija od ostalih hotelskih  soba, jer više nalikuje stanu,"
apatija,im.,ž. r. ," vrsta psihičkog  stanja koje se odlikuje bezvoljnošću,  osjećajem bezizlaza i interesa za situa ciju oko sebe."
apel,im.,m. r. ," poziv; opomena; zbor, skup u vojsci radi prozivke,  apeliranje/apelovanje gl. im. s. r. od  apelirati/apelovati."
apelirati/apelovati,gl.,svrš. i nesvr. , iznijeti svoj  stav koji je istodobno i zahtjev za rješa vanje kakvog problema od čega bi naj
aperitiv,im.,m. r. , piće prije jela.
apetit,im.,m. r. ," slatkohranost, uživanje u jelu, tek.  aplauz/aplauz im. m. r. (lat.), g. mn. aplauza/aplauza "
aplicirati,gl.,svrš. i nesvrš. ," primijeniti, primjenjivati  što."
apodiktičkl/apodiktičnl,prid.,odr. v.  ," odlučan u svojim tvrdnjama,  stavovima, mišljenjima."
apodiktički/apodiktični,pril.,odr. v.  ,"  odlučno, sa odlučnošću."
apoen,im.,m. r. ," vrijednost pojedinih novčanica ili papi ra od vrijednosti,"
apokalipsa,im.,ž. r. ," spis iz Novog  zavjeta; sudnji dan, propast svijeta, za dnji časovi čovječanstva,"
apokrif,im.,m. r. , kršćanski religi ozni spis koji se ne priznaje zbog nevje rodostojnog sadržaja.
apologet(a),im.,m. r. ,  čovjek koji zastupa i brani neko učenje
apologija,im.,ž. r. ," neki tekst kao  argument kojim se brani, zastupa i hvali  neko učenje, shvatanje i sl."
apostol,im.,m. r. ," učenik  Isusa Krista,"
apostrof,im.,m. r. ," znak  sličan zarezu kojim se u riječi označava  izostavljeno slovo; prenes. u govoru  čemu pridati važnost,"
apostrofirati,gl.,"svrš. i nesvrš., "," isticati, naglašavati nešto  bitno."
apostrofiranje,gl.,im. s. r. ," istica nje, naglašavanje, obilježavanje čega  važnog."
apoteka,im.,ž. r. ," rjeđe: ljekarna’, ustanova u kojoj se  mogu kupiti lijekovi ili podići na lije čnički recept; prenes. sinonim za sku poću i čistoću,"
apotekar,im.,m. r. ," farmaceut, stručnjak koji prodaje lije kove u apoteci poštujući sve zakonske  propise; rjeđe: ljekarnik."
apotekarski,pril.,odr. v. ," precizno kao u  apoteci gdje se ne propušta nijedna si tnica; prenes. sitničavo,"
apoteoza,im.,ž. r. ," davanje počasti,  uzdizanje, veličanje čega, u starom  Rimu rimskih careva, kasnije domovine  i važnih događaja iz historije."
aprecijacija,im.,ž. r. ," rast kupovne  moći određene novčane valute, porast  njene cijene kad se mijenja za drugu  valutu."
april,im.,m. r. ," četvrti  mjesec u godini, travanj,"
aprioran,prid.,," uzima se kao takav bez dokazivanja,  bez prethodnog iskustva,"
aproksimacija,im.,ž. r. ," približnost;  mat. približna vrijednost; određivanje  približne vrijednosti,"
aprovizacija,im.,ž. r. ," organizovana  i racionalna nabavka namirnica,"
"apsolutan/apsolutan,",prid.,," potpun, kao takav  uzima se sam za sebe."
apsolutizam,im.,m. r. ," vrsta vlasti u kojoj jedna oso ba vlada bez ikakve kontrole ili bilo  kakvog ograničenja; vlast u rukama je dnog čovjeka, samovlada,"
apsolutizirati/apsolutizovati,gl.,svrš. i  nesvrš. ," primijeniti bez ikakvog ogra ničenja stav o jednom predmetu ili po javi i na sve druge koji se analiziraju,"
apsolutno,pril.,svrš. i  nesvrš. ," bez sumnje,  svakako."
apsolvirati,gl.,svrš. i nesvrš. , odslušati zakonom propi sani broj semestara na fakultetu; za vršiti jedan dio nekog posla.
apsorbirati,gl.,svrš. i nesvr. ," upiti ili upijati, uvući ili  uvlačiti, primiti Što u sebe i zadržati to  u sebi."
apsorpcija,im.,ž. r. ," upijanje, uvla čenje (u sebe),"
apstinent,im.,m. r. ," osoba koja se čega u potpunosti  odrekla (npr. alkohola),"
apstrahirati,gl.,svrš. i nesvrš. ," izdvojiti nešto od nečega  radi uspješnije analize, izuzeti, izuzima ti."
apstrakcija,im.,ž. r. ," suprotno od  konkretnog, pojava koju je moguće sa mo mišljenjem dosegnuti,"
apsurd,im.,m. r. ," besmislica, nešto  suprotno logici i zdravom razumu, ne izvodivo."
ar,im.,m. r. ," 100 m^  zemlje, mjera za površinu."
ara,i,m. r. ," vrsta papa gaja dugog repa sa perjem raznih boja.  arabeska im. ž. r. (tal), dat. jd. arabesci,  g. mn. arabesaka/arabeski "
arebica/arabica,im.,ž. r. , arapsko  pismo prilagođeno glasovnom sistemu  bosanskog jezika; djela alhamijado  književnosti pisana su arebicom.
arak,im.,m. r. ," mjera za papir, dva lista, četiri  stranice; u štamparstvu veliki list papira  od kojeg se u knjizi dobije 16 stranica,"
aranžer,im.,m. r. ," osoba koja umije poredati, udesiti razne  elemente kako bi davali utisak lijepog."
aranžirati,gl.,," razne elemente poredati  kako bi ostavili utisak lijepog (izlog  prodavnice, razna jela na stolu za ru"
aranžman,im.,m. r. ," nešto udešeno, uređeno; ugovor,  sporazum oko nečega."
Arapin,im.,m. r. , g.  mn. Arapa 
arapski,pril.,odr. v. , kao Arapi (uraditi šta).  Arbanas im. m. r. (arh.) 
arbitar,im.,m. r. ," osoba koja presuđuje  prema sportskim pravilima, sudija, su dac."
arbitraža,im.,ž. r. ," sudjelovanje  neutralne strane u mirnom rješavanju  spora između država, preduzeća, supro tstavljenih osoba,"
area,im.,ž. r. ," prostor, veliko područje, pojas raspro stranjenosti čega."
arena,im.,ž. r. ," posebne građevine  podignute u antičko doba sa prostorom  za borbu i gledaoce,"
argat,im.,m. r. ," nadničar, radnik  koji nije zanatlija i radi teške poslove  za dnevnicu, irgat."
argatovati,i,m. r. ," raditi za  dnevnicu uz zanatliju, prinositi materi"
argumen(a)t,im.,m. r. ," prilog, do kaz kakve tvrdnje, činjenica, fakt."
arhaizam,im.,m. r. ," zastarjela riječ ili  oblik, nešto što se osjeća daje starina,"
arhaizirati,gl.,svrš. i nesvrš. ," činiti da nešto izgleda sta rije nego što jeste, dati ili davati arha ičan oblik."
arheolog,im.,m. r. ," čovjek koji pro učava materijalne izvore iz najstarijih  epoha ljudskog društva i na osnovu njih  rekonstruiše prošlost,"
arheologija,im.,ž. r. ," nauka koja na  osnovu raznih spomenika, djelimično i  iskopanih, nastoji doći do saznanja o  životu i kulturi u najstarijim epohama,"
arhipelag,im.,m. r. ," niz ostrva,  ostrvlje, otočje."
arhitekt(a),im.,m. r. ," stručnjak koji izrađuje projekte  za gradnju zgrada i drugih građevinskih  objekata u čemu je često nužno i njego vo poznavanje estetike,"
arhitektonika,im.,ž. r. , razne zakonitosti i pri ncipi koji se moraju poštovati u građe nju.
arhitektura,im.,ž. r. ," djelatnost  projektovanja građevinskih objekata i  njihovo estetsko oblikovanje,"
arhiv,im.,m. r. , mjesto za čuvanje dokumenata'  i spisa; ustanova koja prema zakonu  mora čuvati sav arhivski materijal zna
arhiva,im.,ž. r. ," razni spisi, teksto vi i dokumenta koje neko sakuplja i  pohranjuje; poseban odjel ili služba u  preduzeću koja se tim bavi."
arhivar,im.,m. r. , stručnjak za vođenje  arhive.
arhivarka,im.,ž. r. , žena arhivar.
arhivist(a),im.,m. r. , istraživač arhivske građe  koja mu je glavni izvor u proučavanju.
arija,im.,ž. r. ," vokalna melodija uz  pratnju instrumenta, napjev; dio opere,  arijevac im. m. r. (sanskrt), g. jd. arijev ca, n. mn. arijevci, g. mn. arijevaca "
aristokracija/aristokratija,im.,ž. r. ," sloj vladara, feudalaca, plemića iz ko jeg se jedino regrutuju pripadnici vlasti;  doživotni vlastodršci; sloj izuzetno bo gatih ljudi koji upravljaju u mnogim  oblastima života."
arist6krat(a)/aristokrat(a),im.,m. r.  , pripadnik aristokraci
aristokratkinja,im.,ž. r. , žena  aristokrat.
aristokratski,pril.,odr. v. ," na aristokratski  način, kao aristokrata,"
ariš,im.,m. r. g. mn. ariša," vrsta crno goričnog drveta,"
aritmetika,im.,ž. r. ," jedna od matematičkih disciplina, vje ština računanja pomoću brojeva."
aritmija,im.,ž. r. ," nepravilan, nes kladan ritam; u medicini: nepravilan  rad srca."
arivizam,im.,m. r. ," nastojanje za uspjehom  u karijeri po bilo koju cijenu, karije rizam, laktanje, laktaštvo,"
arkada,im.,ž. r. , dio  kosti iznad oka u obliku luka; u grad.  stupovi povezani lukovima (arkadama).
Arkadija,im.,ž. r. , u poeziji: zem lja sretnih pastira.
Arktik,im.,m. r., naziv sa pojas Zemlje  oko Sjevernog pola.
arlaukati,gl.,nesvrš. ," urlati, galamiti, vikati;  zavijati."
arlekin,im.,m. v. ," harlekin,  armatura im. ž. r. (lat.) "
armija,im.,ž. r. ," vojska, oružane  snage, vojna jedinica kombinirana od"
Arnaut,im.,m. r. ," nefrekventno, v. Alba nac."
arnjevi,im.,r. mn. ," platneni krov  na zaprežnim kolima,"
arogancija,im.,ž. r. ," osobina onoga  ko je arogantan; osornost, oholost,  agresivnost, napuhanost,"
aroma,im.,ž. r. , prijatan miris  kahve ili kakvog začina za jelo.
aromatičan,prid.,," osobina onoga što ima aromu,"
arpadžik,im.,m. r. , sjeme crvenog luka.
arpeđo,im.,m. r. , muž. term. izvo đenje tonova istog akorda jednog za  drugim.
arsen,im.,m. r. ," vrsta otrova,  hemijski element (As),"
arsenik,im.,m. r. , arsen.
arsenal,im.,m. r. , ogromna količina sredstava na raspo laganju 
arslan,im.,m. r. , lav.
aršin,im.,m. r. ," starija  mjera za dužinu, između 65 i 72 cm.  artefakt/artefakt im. m. r. (lat.) "
arterija,im.,ž. r. ," med. žila koja odvodi  krv iz srca, žila kucavica; prenes. vrlo  frekventna cesta, put, saobraćajnica u  gradu ili nekom drugom prostoru,"
artičok,im.,m. r. artičdka im. ž. r. ,"  biljka iz južnih krajeva sa mesnatim  cvijetnim glavicama, spada u jestivo  povrće."
artikl,im.,m. r. , svaka pojedinačna vrsta  robe u prodavnici.
artikulacija,im.,ž. r. ," tvorba i  izgovor glasova, položaj organa govor nog aparata prilikom tvorbe i izgovora  glasova."
artikulacijskl/artikulađonl,prid.,odr. v.  , odnosi se na artikulaciju.
artukulirati/artikulisati,(što),odr. v.  ," jasno izgovoriti ili izgovarati;  precizno šta obrazložiti,"
artiljerija,im.,ž. r. ," vojnici artiljerci  i topovi zajedno, topništvo,"
artiljerijski,pril.,odr. v. ," učiniti nešto kao  artiljerija, na njen način."
artist(a),im.,m. r. ," čovjek koji u  cirkusu, varijeteu, noćnom lokalu izvo di akrobatski, žonglerski i mađioniča rski program; umjetnik reproduktivac  koji besprijekorno izvodi muzička ili  druga djela"
artis,tkinja/artistica,m. r. , žena  artist.
artistički,prid.,," koji se odnosi na artiste,  artistički pril. odr. v. (fr.) "
artritis,im.,m. r. ," bolest zglobova; kostobolja,"
arzuhal,im.,m. r. ," molba, predstavka, memorandum."
as,im.,m. r. ," prvak,  pobjednik, najbolji; najjača karta, kec.  aseptičkl/aseptičnl prid. odr. v. (grč.) "
asfalt,im.,m. r. ," supstanca od bitu mena i drobljenog kamena koja služi  kao gornji sloj u gradnji cesta, puteva i  ulica."
asfaltirati,gl.,svrš. i nesvrš. ," prekrivati ili prekriti što  slojem asfalta,"
"asimetričan,",prid.,," suprotno od simetričan, nije podu daran u svim tačkama sa pojavom s  druge strane zamišljene ose."
asimilacija,im.,ž. r. ," utapanje  manjine u nešto što je većina, što pre vladava? u lingv. jednačenje glasova u  suglasničkim grupama radi lakšeg izgo vora, npr. svatba > svadba."
asimilirati/asii,lilovati,ž. r. ,"  provesti ili provoditi, vršiti asimilaciju,"
asistencija,im.,ž. r. ," pomoć, pripo moć asistenta; u pejor. značenju: besmi slena i nepotrebna pomoć."
asistent,im.,m. r. ," mlađa obrazo vana osoba na samom početku u na učnoistraživačkom radu koja pomaže  profesoru sa zvanjem u istraživanju ili  izvođenju nastave na fakultetu,"
asistirati,gl.,svrš. i nesvr. ," vršiti posao asistenta koji  pripomaže starijem i iskusnijem kolegi,  npr. pri operaciji,"
asker,im.,m. r. ," vojnik; vojska,  asket/asketa im. m. r. (lat.) "
asli,part.,m. r. ," sigurno, upravo, zaista,  vjerovatno,"
asocijacija,im.,ž. r. ," sposobnost  mišljenja u povezivanju jedne pojave s  drugom; udruživanje, savez pravnih su bjekata, preduzeća, tvrtki sa istom pri rodom posla i sl."
asocijalan,prid.,,"lat.), odr. vid. aso cijalni "
asocijativno,pril.,," povezano, po asoci jaciji."
asonanca,im.,ž. r. ," ponavljanje istih  vokala u nekoliko uzastopnih riječi,  asortiman im. m. r. (fr.), g. jd. asorti mana "
aspek(a)t,im.,m. r. ," ugao promatranja, stanovište, gledište;  osobina glagola, npr. (ne)svršeni vid  (aspekt)."
aspiracija,im.,ž. r. ," želja, čežnja,  težnja za nečim; težnja da se kome šta  oduzme i prisvoji,"
aspirin,im.,m. r. g. jd. aspirina," lijek  (acetilosalicilna kiselina) u obliku ta blete ili praška za snižavanje tempera ture ili kakvog bola (glavobolje, reuma tizma i sl.),"
astenija,im.,ž. r. ," nemoć, slabost,  opadanje snage, uopće: razni oblici  slabljenja organizma."
astma,im.,m. r. ," bolest koja se  manifestuje sipnjom, napadima teškog  disanja, nestašicom daha."
astmatičar,im.,m. r. ," bolesnik od  astme, ž. r. astmatičarka."
astmatičn!,prid.,," koji se  odnosi na astmu,"
astrahan,im.,m. r. , veoma sku pocjeno sjajnocrno krzno od janjeta  astrahanske ovce.
astralan,prid.,,"  zvjezdan, zvjezdani, koji je porijeklom  od zvijezda; nije zemaljski,"
astrolog,im.,m. r. ,"  čovjek koji se bavi astrologijom,  astrologija im. ž. r. (grč.) "
astrološkl,prid.,," koji se odnosi na astro logiju i astrologe,"
astrološki,pril.,," kao u astrologiji, na  način tog nadriučenja."
astronaut,im.,m. r. ," kosmonaut,  član posade svemirskog broda, pilot,  letač u svemir,"
astronom,im.,m. r. ," naučnik koji  istražuje svemir, proučava zvijezde, sa zvježđa, magline i sl."
astronomija,im.,ž. r. , nauka koja  se bavi proučavanjem pojava u svemi ru.
astronomski,prid.,," koji se odnosi na  astronome i astronomiju; prenes. kad je  nešto isuviše skupo,"
aščija,im.,m. r. ,tur.) 
ašićare,pril.,m. r. ," očigledno, očevidno,  jasno."
ašik,im.,m. r. ," ljubav, udvaranje, ljubavnik,  udvarač, dragan, momak, ašeklija."
ašiklija,im.,m. r. ," momak koji  ašikuje, zaljubljeni, ljubavnik,"
ašikluk,im.,m. r. ,tur.) 
ašikovanje,gl.,im. s. r. ,tur.) 
aškenaz,im.,"m. r., g. jd. aškenaza, n. mn.  aškenđzi"," Jevreji iz Poljske, Njemačke, sjeverne Mađarske koji su to ime dobili  prema Aškenas, kako se zvao jedan  narod u Jermeniji,"
ašlama,im.,ž. r. , kvalitetna pitoma  trešnja.
ašov,im.,m. r. , vrsta šiljate  lopate pogodne za kopanje i sitnjenje  zemlje.
at,im.,m. r. ," konj, pastuh, ždrijebac  plemenite pasmine."
atak,im.,m. r. ," napad, nasrtaj, juriš,  navala."
atakira,ti/a,m. r. ," vršiti ili izvr šiti atak, napasti ili napadati koga."
ataman,im.,m. r. , komandant Kozaka.
ataše,im.,m. r. ," slu žbenik u ambasadi, savjetnik u nekom  njenom odjeljenju (za štampu, vojna  pitanja, vize, trgovinu),"
atavizam,im.,m. r. ,  biol. pojavljivanje nekih osobina preda ka koje u sadašnjosti normalno ne pos toje kod živih bića.
ateist(a),im.,m. r. ," pristalica ateizma,"
ateistkinja,im.,ž. r. ," žena ateist.  ateizam im. m. r. (grč.), g. jd. ateizma "
atelje,im.,m. r. ," najče šće prostor u kojem stvara slikar, kipar;  svaka radionica u kojoj se obavlja neki  umjetnički rad."
Atena,im.,ž. r. , Atina.
Atina,im.,ž. r. ," glavni grad Grčke; mit. boginja rata i mudrosti,"
atentat,im.,m. r. , pokušaj ubistva ili ubis tvo važne osobe iz javnog ili političkog  života.
atentator,im.,m. r.," osoba koja je izvrši telj atentata,"
aterirati,gl.,svrš. i nesvrš. ," spustiti ili spuštati avion, ba lon, helikopter na zemlju, prizemljiti  kakvu letjelicu,"
atlas,im.,m. r. ," zbirka geogra fskih karata; vrsta sjajne svilenkaste  tkanine, saten."
atlet(a),im.,m. r. ," sportski građen i  snažan čovjek,"
atletičar,im.,m. r. ," vrsta sportiste,  osoba koja se bavi atletikom,"
atletičarka,im.,"ž. r., g. mn. atletičarki","  žena atletičar,"
atletika,im.,ž. r. ,"  jedno ime za više sportskih disciplina:  trčanje, skokovi u vis, u dalj, s motkom,  bacanje kugle, kladiva, koplja,"
atletski,prid.,odr. v. , što  pripada i odnosi se na atletiku i atlete.
atmejdan,im.,m. r. ,ar.) 
atmosfera,im.,ž. r. ," zračni omotač  oko zemaljske kugle; jedinica za mje renje pritiska; prenes. raspoloženje, na čin mišljenja, okolnosti,"
atmosferski,prid.,odr. v. , što  pripada i odnosi se na atmosferu.
atom,im.,m. r. ," naj sitniji djelić materije sa pozitiyno nabi jenom jezgrom i negativno nabijenim  omotačem,"
atomistika,im.,ž. r. , naučna disciplina koja se bavi  istraživanjem svih pojava koje su u vezi  sa atomima.
atomizirati,gl.,svrš. i nesvrš. ," razbiti ili razbijati šta na  najsitnije djeliće radi analize, što više  usitniti."
atomski,prid.,odr. v. , sve što je u  vezi sa atomom ili atomskom energi jom.
a,tona/a,odr. v. , riječ bez  akcenta.
atonija,im.,ž. r. ," bezglasnost; mli tavost, klonulost mišića; gram. nenagla šenost slogova ili riječi,"
atrakcija,im.,ž. r. ," nešto dražesno,  zabavno, zanimljivo, što privlači, zaba vlja "
atraktivan,prid.,," privlačan, zabavan, zanimljiv,"
atribucija,im.,ž. r. ," ono što kome  pripada ili mu se pripisuje,"
atribut,im.,m. r. ," osobina, svojstvo, karakteristika; u  gram. rečenični član "
atrij,im.,m. r. ," predvorje sa stupo vima u javnim zgradama, predsoblje,  trijem, natkriven ulaz."
atrofija,im.,m. r. ," propadanje, uve hlost, slabljenje, nestajanje, zakržljava nje."
audicija,im.,ž. r. ," vrsta ispita pred  komisijom koja ocjenjuje sposobnosti  kandidata za određeni posao, ob. sa  glumcima i pjevačima,"
audijencija,im.,ž. r. ," službeni  prijem kod visokih predstavnika vlasti,  audio pril. (lat.) "
audiovizuelan,prid.,," koji se odnosi na istovremeno  prenošenje tona i slike u komunikaciji,  što opažamo i čulima sluha i vida."
audio,vizuelno,, način da istovreme no opažamo čulima sluha i vida.  audlt im. m. r. (lat.) 
audltor,im.,m. r. , finansijski revi zor.
auditorij,im.,m. r. ," dvorana u kojoj  se izvode predavanja, slušaonica; oni  što slušaju predavanje u auditoriju, slu šaoci/slušatelji, publika,"
augmentativ,im.,m. r. ," riječ koja  ima značenje nečeg uvećanog, gradi se  od osnovne riječi pomoću sufiksalnog  morfema, ponekad hipokoristik (ljudina), a nekad pejorativ (babetina); sup rot. deminutiv,"
august/avgust,im.,m. r. ," osmi  mjesec u godini, kolovoz,"
aukcija,im.,ž. r. ," prodaja robe po  sistemu ko ponudi više novca za ono  što se prodaje; licitacija, dražba."
aula,im.,ž. r. ," svečana dvorana za  okupljanje; veliko predvorje iza ulaza u  kakvu javnu zgradu,"
aura,im.,ž. r. ," prema  nekim učenjima nevidljiva svjetlost što  okružuje živo tijelo; vjetrić, lahor; ozra čje; med. nelagodno osjećanje bolesni ka, neraspoloženje koje prethodi epile ptičkim ili sl. napadima,"
aureola,im.,"ž, r. "," oreol;  krug oko glave svetaca na starim sli kama; pren. prestiž, slava, priznanje."
Australac,im.,"m. r., g. jd. Australca, n.  mn. Australci, g. mn. Australaca", sta novnik Australije.
Australijanac,im.,"m. r., g. jd. Austra lijđnca, g. mn. Australijanaca", Austra lac.
A,ustralijska,"m. r., g. jd. Austra lijđnca, g. mn. Australijanaca", stanovnica  Australije.
Australka,im.,ž. r., Australijanka.  Australija im. ž. r. 
austr,alskl/australijanski,ž. r., koji se  odnosi na Australiju.
Austrija,im.,ž. r.," država u Evropi.  Austrijanac im. m. r., g. jd. Austrijanca, n. mn. Austrijanci, g. mn. Austrijanaca "
Austrijanka,im.,ž. r., stanovnica Austri
austrijski,prid.,odr. v.," koji se odnosi na  Austriju i Austrijance,"
austrofil,im.,m. r.," osoba koja je  naklonjena Austriji, pristalica austri skog načina življenja i državnog ure đenja."
aut,im.,m. r. , sportski izraz za  prostor izvan crtama obilježenog igra lišta.
autarhija,im.,ž. r. , samovlada;  upravljanje samim sobom; samodovo ljnost i zatvorenost u nekoj administra tivno
autentičnost,im.,ž. r. ," ono što je  izvorno, vjerodostojno, istinito, pravo,"
autizam,im.,m. r. ," povlačenje u sebe, bijeg od stvarnosti,  nepovjerljivost."
auto,im.,m. i s. r. , automobil.
autobiografija,im.,ž. r. ," kad neko  sam opiše svoj život; vlastita biografija  (životopis),"
autobus,im.,m. r. ,lat.) 
autobuskl/autobusnl,prid.,odr. v. ,  lat.) 
autoelektričar,im.,m. r. , majstor
autogol,im.,m. r. ,engl.) 
autograf,im.,m. r. ," autentičan izvor  pisan rukom autora; ono što nije kopija  ili prepis; original,"
autogram,im.,m. r. , originalni pot pis.
autohton,prid.,," prvi, koji nema  prethodnika, koji nije nov, starosjedila čki."
autokefalan,prid.,," tako se zovu nacionalne pravosla vne crkve koje sobom upravljaju; sa mostalan, nezavisan,"
autokracija/autokratija,im.,ž. r. ,"  sva vlast u rukama jednog čovjeka, sa modržavlje, neograničena vladavina po jedinca."
autokrat(a),im.,m. r. ," vlastodržac, apsolutni vladar,  diktator; onaj koji je sklon nametanju  svoje volje drugima, npr. u radnom  odnosu."
automat,im.,m. r. ," sprava koja vrši  određene radnje samostalno, pri čemu  se čovjekova uloga svodi na puštanje u  pokret i kontrolu; prenes. čovjek koji  radi po šablonu bez lične inicijative i  kreativnosti; vrsta vatrenog oružja koje  ispaljuje više metaka,"
automatizacija,im.,ž. r. ," upotreba  automata u proizvodnji; osobina koju  sam čovjek kod sebe razvija nakon  čestog ponavljanja istih radnji,"
automatski,pril.,odr. v. ," na automatski način,  automobil/automobil im. m. r. (grč."
automobilizam,im.,m. r. ,"lat.), g. jd.  automobilizma "
automobilski,prid.,," koji se  odnosi na automobile, npr. automobil ska industrija i sl."
autonomaš,im.,m. r. ," zagovornik autonomije, borac  za autonomiju,"
autonomija,im.,ž. r. ," pravo stano vnika neke teritorijalne ili nacionalne  zajednice da sama rješava pitanja unu trašnje uprave u okviru neke veće drža vne zajednice,"
autoportret,im.,m. r. , likovni rad na kojem je  autorov lik.
autopsija,im.,ž. r. ," rezultati done seni na osnovu posmatranja, svjedoče nja i ličnog iskustva; med. obdukcija,"
autoput,im.,m. r. ,  vrlo kvalitetan put sa najmanje dvije  trake istoga smjera i mjestima za  odmor.
autor,im.,m. r. ," stvaralac,  pojedinac koji je pravi tvorac kakvog  teksta, pjesme, slike i sl."
autorica,im.,ž. r. ,"  žena autor,"
autoritaran,prid.,," koji se zasniva autoritarnosti, koji  zahtijeva slijepo potčinjavanje vlasti."
autoritet,im.,m. r. ,"  osobina određene osobe razvijena na  njegovom ugledu, razumu, pameti,  iskustvu, snazi,"
autorizacija,im.,ž. r. ," priznanje autora da je njegov  neki tekst; postupak kojim se progla šava da nekom pripada kakav prona lazak ili djelo kako bi mogao koristiti  prava koja mu pripadaju,"
autorstvo,im.,s. r. , pripadnost dje la njegovu tvorcu 
autosugestija,im.,ž. r. ,lat.) 
autsajder,im.,m. r. ,"  uopće: osoba koja nema nikakvih izgle da za postizanje uspjeha, kojoj se zbog  nestručnosti, neupućenosti i sl. daje  sporedno mjesto,"
avan,im.,m. r. ," posuda u kojoj se  udarcima bata mrvi kafa, šećer, biber,"
avangarda,im.,ž. r. ," predvodnici, zagovornici novih ideja, novih puteva u  bolji život, za novo u umjetnosti, za  kakvu ideologiju."
avans,im.,m. r. ," u  finasijama: dio isplate prije okončanog  posla, predujam, akontacija,"
avantura,im.,ž. r. ," dogodovština sa  puno uzbuđenja i nepredvidljivih obrta,  pustolovina."
avanturist(a),im.,m. r. ,"  pustolov, čovjek koji svjesno traži  uzbudljiv život, koji je sklon avanturi,"
avanturistički,prid.,odr. v. ," koji se  odnosi na avanturu i avanturiste,  avanturistički pril. (fr.) "
avanzirati,gl.,svrš. i nesvrš. ," napredovati u službi, dobiti  ili dobijati više zvanje,"
avaz,im.,m. r. , glas.
avazde/avazile,pril.,m. r. ,tur.) 
avenija,im.,ž. r. , široka i  uredna gradska ulica koja je prilaz cen tru.
averzija,im.,ž. r. ," odbojnost, nesklo nost prema nečemu; gađenje, odvrat nost; antipatija, zaziranje,"
avet,im.,ž. r. ," utvara, straši lo, sablast, priviđenje, prikaza; jeziva  slika čega neprirodnog,"
avetan,prid.,," mahnit,"
avetinja,im.,ž. r., avet.
avijacija,im.,ž. r. ," flota raznih le tjelica (aviona, helikoptera) koja služi u  razne svrhe."
avion,im.,m. r. ," letjelica sa tru pom, krilima i točkovima za prizemljenje koju pokreće klipni ili motor na  mlazni pogon; rjeđe: zrakoplov."
avitaminoza,im.,ž. r. ,lat.) 
avlija,im.,m. r. , prostor ispred kuća  izgrađenih u orijentalnom stilu; dvori šte.
avokado,im.,m. r. , vrsta tropskog  voća.
azbest,im.,m. r. ," vrsta materijala  vlaknaste građe koji služi za zaštitu od  vatre, kiselina i sl."
azbestnl,prid.,," koji je od azbesta, npr. azbestna tkanina,"
azbučni,prid.,," sastavljen  po azbuci, po azbučnom redu slova,"
azbuka,im.,ž. r. , ćirilička slova i njihov redo slijed.
azgin,prid.,," pomaman, obijestan,  bijesan, nemiran, udarljiv."
azginluk,im.,m. r. ," pomama,  pomamnost, obijest, bijes."
Azija,im.,ž. r. , najveći kontinent na  Zemlji; kontinent na istoku.
Azijac,im.,m. r. ," stanovnik  Azije, Azijat."
Azijka,im.,"ž. r. dat. jd. Azijki, g. mn. Azijki"," žena iz Azije, Azijatka."
azijski,prid.,, koji se odnosi na Aziju i  Azijce.
azil,im.,m. r. ," utočište  političkih izbjeglica u inostranstvu; sklo nište, pribježište, zaštita, sigurnost,"
azimut,im.,m. r. , ugao na  krugu horizonta između meridijana i  visinskog kruga pojedine zvijezde; ho rizontalni ugao što ga zatvaraju pravac  prema sjeveru i pravac prema nekom  predmetu na zemlji ili prema nekoj pla
Azrail,im.,m. r. ," anđeo smrti.  azur im. m. r. (perz.), g. jd. azura "
aždaha,im.,ž. r. ," najčešće u bajka ma opasna i proždrljiva zvijer sa neko liko glava, zelene je boje i riga vatru,  zmaj; prenes. opaka, zla žena."
ažuran,prid.,," odgovoran u poslu, koji posao  završava na vrijeme (obično u računo vodstvu)."
ažurirati,gl.,svrš. i nesvrš. , nešto dovesti u red da bude  usklađeno s propisanim vremenom.
